Archivo,SHA-1,SHA-256
Cartas que faltan de one piece.txt,c76a729822a261ac19de822c3f798bfb6eb8a71e,f284127df3d18052268a08fe7e619152c87a385bd0b1f6c08d6171f09941f38b
Eneldo.pdf,f6262e67669ad73c779a2b403dbed42e54dd1a89,d6358dd05464f1e8d8b256fd99691b3c65c212311a8eb6c8fa16e38f12cb13e1
JesusTCG.txt,04c8ad9d603361ddc70457d078cb7004534f5b3e,5eddc82a50af6ce619689626d17ec2dcc94369acbec635914ae0997b3d18c0a3
Sin título.jpg,1b85c519eb4943aa0a8fbdef056ba890a8fa5d6e,8e6ef781b4f6543f4c1edc8b65991782edc4826052c750f4e76a4c958b310e5a
Sin título.png,a3c716280d44610751996f9889782ca8e01649ec,ccae21745e34f38049bf8657c23259636c1a7e701b8db938971abe0c90401181
"AnotherRol\DALL·E 2024-02-04 11.16.38 - Create a fantasy role-playing game map of a circus area near the entrance of a city. The map is divided into three zones_ 1) Animal zone with fences, .webp",38309d85e26f0ea8944a895113dbae84ed6e09e0,15d2ca33da5cadb99b4d6ee1ba1b4c665497573e863553be8b696a495823e70c
AnotherRol\Notas del lore.txt,d687f1b98115c9695db2ccd979658f598af317c9,3ca99b8d2da063c0ed5568a21ea9c7ce7f3d79d8770606a4209d01664c78a95d
AnotherRol\Orbe.txt,5c98b3cb19c20ed8c8c61a8f44ce10722c953fbb,6c0eb2115eb150b9dcc1a4852e22b5eb667fd32347334ad4c25840750b715b52
AnotherRol\Puntos de gremio.txt,da39a3ee5e6b4b0d3255bfef95601890afd80709,e3b0c44298fc1c149afbf4c8996fb92427ae41e4649b934ca495991b7852b855
AnotherRol\Que hacen los aventureros.txt,da39a3ee5e6b4b0d3255bfef95601890afd80709,e3b0c44298fc1c149afbf4c8996fb92427ae41e4649b934ca495991b7852b855
AnotherRol\TestIntegridad.txt,bb21158c733229347bd4e681891e213d94c685be,ccadd99b16cd3d200c22d6db45d8b6630ef3d936767127347ec8a76ab992c2ea
AnotherRol\Testteo2.txt,7a85f4764bbd6daf1c3545efbbf0f279a6dc0beb,2689367b205c16ce32ed4200942b8b8b1e262dfc70d9bc9fbc77c49699a4f1df
AnotherRol\bichos\archer and sergeant.jpg,1457435cbcb417161abb4af4be8925ab4ec28f8e,a0f84e2bd1f522fa7133d328b9ab393ad354570ef113f4152206cee00089918f
AnotherRol\bichos\caballeria y lancero.jpg,fc8e837779748b1a8e0d7610a41ca822624f4e60,fd53bcf6ca8189f2c686e3c384eb3bdb2bbaedd7031e1bfeb1ae756e5a49c199
AnotherRol\bichos\Captura de pantalla 2023-10-06 101648.png,d5b56d214c3ef4ebd39f5978c4e6e13b2552d6cf,456bdf396c2b1ae66b3292a9a1c1db47ccf43c00160509743a2a52083bdf8598
AnotherRol\bichos\half ogre desafio 1.png,8a7662f5bd6e901980183e23b705f1e13c21a75e,663a282891262b569e373d514bf1b746f31970745dd7284eddb21a770c8f70f1
AnotherRol\bichos\owlbear challenge 30.png,bcd6aa6722968e4e004f5bf1df25a09e7b4f855f,8cba79949cbe7eedada07f50c3af1c3ecfd7f82d31619808ec9d2ebde3e12551
AnotherRol\bichos\imagenes\araña gigante.png,874ec6c00d541517da1a3e230823aeee9a134949,205290fdfcb552e10400471ee5f89922a6f33246ecad6f8af4bedd613a142b4d
AnotherRol\bichos\imagenes\Diablillo.png,3963bb7f6a8636050b1a3de3bc611c5c965d3ce0,31f0842df61ebf4fcce265f9fd52d27e8a1c8b9189821079b1ecef96c681b8b4
AnotherRol\bichos\imagenes\esqueleto.png,c791d080a69fc2bbe5737ccbea6047cb47b931d7,176dc02bcee8397226a7583500ce21aa94d491ddcaa36be813dafbc80471b2e7
AnotherRol\bichos\imagenes\lobo terrible.jpg,bb44b45b0e9ac8833bb414236777e7d3cfa574c5,0ce88483d85ae2c3edfa32c64af82748df19ac7103f1bd5a57ae46b755926c47
AnotherRol\bichos\imagenes\lobo.jpg,1a7ee29f9227d72aaac4ac2f95a4ce771d4150b6,af20ee5990c9036f3de6180575f85d276d6afc9078fb7f37e3036015ba5032c3
AnotherRol\bichos\imagenes\quasit.png,a5e561dbe4b0bb8a0ec2ef5cec52f78733fd72a9,8a75d568a102d7bde3d2286da6aa78a66b99df59d4af2ac932ef798d532547c5
AnotherRol\bichos\imagenes\violet-fungus.jpg,c8f0f0bebe482aee6b1dae8ef898067657583bdd,223907478fac88abda6da34271b3faf63eae430d4ba456db2e858f05c834d763
AnotherRol\bichos\imagenes\zombie.png,4e785ebc55de9a02b7e48802b213046d491f262e,fb03df6157a4cca9d6663fbd3930177e0d9089fbb768e9cb9d8eb792ec2ed2c8
AnotherRol\bichos\tokens\token bichos\araña de fase.png,4fe71f64506fd6cb1ada30efebb562999e0df11e,079a65bba3fabdbe5aabba2bb5e1ce7da80c7b6a52127760596e1307ca54bf45
AnotherRol\bichos\tokens\token bichos\araña gigante.png,7e1dd6d3f15e3a5cfb18738e2c6e1e48fb0ca6c9,48a0e834def2b047108924f3ec07e6edab99fd29e204b4d0d17d241949b49d95
AnotherRol\bichos\tokens\token bichos\diablillo.png,a46056fc57e3d2858f9f5ccff0323160132d4b09,4593098c7631555677a42fe766e3dc69fcf2d1bb1f874c0c27becb209738683d
AnotherRol\bichos\tokens\token bichos\dire wolf- lobo terrible.png,09afb6b6467edb75d8b6b206ff8ecb55040cbcc7,ecc097199933e090ffc6fff526a848047511c07986e54babb30087301b4e3538
AnotherRol\bichos\tokens\token bichos\esqueleto.png,b3f948362c21ab391cea93e7487cb45081016933,c5a2e8644c7ecbc228c99512c589b9968220f77c2550ef97eb80311117e1fd87
AnotherRol\bichos\tokens\token bichos\gargola 4 brazos.png,734679c628bf23321d84c9b31887ecba26563dcc,11b7be99b3db47c7c181868d9ca73d86a34e8fb35a0f6a180699f78fb9b503b1
AnotherRol\bichos\tokens\token bichos\gargola.png,3de03e3eb57e2c19af73a69ac275fe3e55c49f88,b88b732adb3fe73378e87c33c9e13f3513d3eb63a2643e7b830ef6f13d3172bc
AnotherRol\bichos\tokens\token bichos\goblin.png,8e0cea0280b33d757b7a450d66e6c5af782b0480,2b710013c6adde3ae00606710d69c14941ea00cc50143ecd35d8a71f3ba18fba
AnotherRol\bichos\tokens\token bichos\jefe goblin.png,59e41ecec851a7b38401e267ba868b56b03df6ad,91fbfa8d56775293ecfe612d8f9980ecf303e2b5c12e096b1ef9101d7c687668
AnotherRol\bichos\tokens\token bichos\lobo.png,c42ba5588029e2d079870554c1f64078dceab881,c02f575cc66996b6c1d2ff2f033661639309bf81b50c8f56816c510a8195131a
AnotherRol\bichos\tokens\token bichos\quasit.png,5eeb6dd1940eb716b62b161c929c9fb9049344b9,bd312d3cd0cc3fb4f41c372e4cc2885deba03ebe897a40ffb983e973238c8eb1
AnotherRol\bichos\tokens\token bichos\violet fungus.png,4bd0d93760d0faacbf41f847cfa731d211efff16,8971737e9795e83aa53da3214ae72002fc39e4060f47caf7a05bcad3393fcbe8
AnotherRol\bichos\tokens\token bichos\zombie.png,a21bd338ce0799ae057ebb39ad60300c47e14388,8824178d99185b03e6678163b5cf1096983d57a92e7e13a61fe63189f8858d8a
AnotherRol\bichos\tokens\token de la ciudad\arquero.png,2a0362d053f1217e436c7b34535e11db73083628,54943805833515d89da909d00a5ee3918b0e119130cab933caa29dd9ff670f43
AnotherRol\bichos\tokens\token de la ciudad\filia.png,49e42a9e1713535697e3122bbb959548c6502633,ef417f251adebad35dec58a13665287e0fd3617f1994cdbaa926e71f6eab4855
AnotherRol\bichos\tokens\token de la ciudad\gran caballero.png,0aec327de3a40fae950a9d1643dc2ba946492a81,a978e1632b07079ac1292c5ddcc65ed1d09a2d702fce249f783d0cc1a4f2ed31
AnotherRol\bichos\tokens\token de la ciudad\guardia de la ciudad.png,3ca9f34ccb17965f7fc24d5c6315e519dba25b33,bc028494fd2b7adf80defb1a2fbbf5d52447e97c8b8357d5a9bdc194d44150e9
AnotherRol\bichos\tokens\token de la ciudad\nilcor.png,dae6abf68f8b9e0aa33e0b380a0d08b6943605a4,03bd057edb50dba59cd1708ba004876da8a74de7fc8faa74464a733b3ad8c3b8
AnotherRol\bichos\tokens\token de la ciudad\sargento.png,01fe718c21dabca04965369847e24e143b6e0568,4db8f68a1e1b9ac5716de4b323af98565e893fe1409a7c1f7e7e71fe4f16a82f
AnotherRol\fichas personajes\5E_CharacterSheet_Fillable - copia (4).pdf,418d4271e3d1d35c78ab1ef86d4e2c776ca62aeb,8e7b282db42af119c46fef696b15e7430cb1e93bd09a478780623ca1a1908a48
AnotherRol\fichas personajes\5E_CharacterSheet_Fillable - copia.pdf,418d4271e3d1d35c78ab1ef86d4e2c776ca62aeb,8e7b282db42af119c46fef696b15e7430cb1e93bd09a478780623ca1a1908a48
AnotherRol\fichas personajes\5E_CharacterSheet_Fillable.pdf,418d4271e3d1d35c78ab1ef86d4e2c776ca62aeb,8e7b282db42af119c46fef696b15e7430cb1e93bd09a478780623ca1a1908a48
AnotherRol\fichas personajes\Ficha Lindworm.pdf,1d90c8260cf4d467273629bb0e60ca291763b72e,ac1cecd354a87521f27d05a9ab264a927dfc1fe02c483e2f65c3a109e3e1d529
AnotherRol\fichas personajes\Holand.pdf,28574c500659f1e7863e531bb0becece43c92819,94c79ef37bed8bfab215716b35e966ea3f3c85da86f4d60fd432450242f30bf0
AnotherRol\fichas personajes\Jaci.pdf,aab6b8777fe1f647e98af9c04842e2ade335b11f,f06894df1d7053f176689ed8fea1058d5c072e4374666cfd276f9605cba99f6e
AnotherRol\fichas personajes\Lindworm.jpg,a64507c80e5b764aa09dba0fcae989eb769195bf,e755bdea30bbefb03569f699436f5b2001882d1575e67d913687b3dd586204c1
AnotherRol\fichas personajes\MeliPRA.pdf,80d0d4c4e433ea22b89a3373667cdfbc14f0354a,243201b1cd64afc871285a71e8363cd4accfc4dcb3c4bf6665ccf75b39348349
AnotherRol\fichas personajes\PutoConejoLoco.pdf,18b62dbd690268279ca05811bc11aaa9dcc86aa8,d419ac0e6e243b5c8954d27ac183697f3ee822ff2e0dc528345f4b18c7a52166
AnotherRol\fichas personajes\wildur el secretario.txt,da39a3ee5e6b4b0d3255bfef95601890afd80709,e3b0c44298fc1c149afbf4c8996fb92427ae41e4649b934ca495991b7852b855
AnotherRol\Mapas\auntamiento40x40.png,a37d97b0655f3d5965f324eed9966586b9a9dbe2,431f7c6ca131868efa1d4c93ccda0039158dc6e65b00f0978ed74b2ddea3be41
AnotherRol\Mapas\Camino del bosque.jpg,445a62a38e26786c943309e8981461889cf3a3d2,42c65d8f64bffde367a603b42ab524baa46d9fd579c666ab6872a6abdbeef0da
AnotherRol\Mapas\casa del bosque.dungeondraft_map,c3dc5fe5d35d593069a10bdc95b1981838ffc109,34c5bfd72ebda59cacd7cdab3abfd872faac1f5fc9ec4bb5f2ec9f5491a47264
AnotherRol\Mapas\casa del- bosque.dungeondraft_map30x30.png,ed704b0bebbbc4dd5de5e8963511090fd263ee42,1bb42e4555e1350e60e7307255102ad852e52e37d0af7f23d956464758b9b85d
AnotherRol\Mapas\centro.png,e08f980e8e5e9acd8a730988d16d7c8b7d79d703,c647603cbf4de6b9144e7ec2cc1f4c4f0843042040ef9a13ededdf884759b029
AnotherRol\Mapas\Distrito sur.jpg,abaa4d4b5b15060234f9788750fcd4673179b864,d51de130a3b179e814ca62f8f2b3b4c79b390b3a9e71a4b6fa9c51dc150eda4f
AnotherRol\Mapas\juicio11x21.png,4ee91698bdea37bae42ed6c577028a21ec94940a,7a42201b707edfcc462a38064ce2553f05628118c56f16284669c064348f89b1
AnotherRol\Mapas\juzgado.png,8b91963682add5b3bc2209a0013f7a0bfb1ee2a1,0a375de8f5a6186004072403c98dec7961351c1b98817af5e77cf985a5399533
AnotherRol\Mapas\La dungeon de El Mamón.jpg,af9f6e7431f044e323a5f63925529101f3347d82,987de6f30efaa9f21f632ecda7b204c8f6a6d7cf82c81d85ebd9c954c4928615
AnotherRol\Mapas\Mapa bosque objeto en el centro.jpg,1c59ea9df8bc8ebe730176b909a7970f5eb3d933,49fc83efb4cb18cc2e07a7254df942a941c5e8ca5fd837331757756d8fabf13f
AnotherRol\Mapas\mapa camino de nochge.jpg,c38f4d13ceec9964428bbd24c6059b4768f0c788,4de7584ebe9dea9d1afcde70cacd7dbc5f3ab3e235cf0eab248f049e80757d56
AnotherRol\Mapas\Mapa de la ciudad.jpg,539e11fd87d18a489ddec7e35e22150813ac2e75,c53f6b18a40add7d58037ff8b23d9f2f654c19fc6bb1145cb30940e34641ec46
AnotherRol\Mapas\mina 37-50.png,580469a262485e20888e2a8fa8de099fd68836e6,7a540e6b6c0b6924e378c4402aec0370d0cc485969eb7e0ba74e2e62d3ff74c0
AnotherRol\Mapas\Plaza de los bardos30x40.jpg,a609a29b7f4fb41456303877a4a0909cbd9b5f94,70cebe4d00515fa0fad812056b491c37d4ef28b593be01b76edae3cf66b0acc0
AnotherRol\Mapas\windian.jpg,f068493b2a555a09e142131e05d2ad7bdc8eba47,52fee3475e90f01c9200c43bf4c0d124b722357f3605f4ad5964668fe6dbc6d9
AnotherRol\Mapas\Zach Dullsand (El Mamón) (este statblock es un desastre).png,83043cd7cc83b3cc45967b2ecf7b9ee97b395674,43fd252ac320ce613cfabefc5bd21cde59f6ce4f417b639ea74b6ede30ba5dc3
AnotherRol\mapas.map\Ayuntamiento.dungeondraft_map,82abb0043f653deb6bc69c033dcb17037b7d0ebc,0a1d8ce85592a8f5f0c33507eb57d034c64546b2ed46bcf3adb4782fcca097a3
AnotherRol\mapas.map\circo.dungeondraft_map,a29cba7bdfc727835b97aef8b811595c3acc7b95,15d930ca64e645dc3f348f32a7d27caf44c45cfa776652608d60e268e499f35c
AnotherRol\mapas.map\juicio.dungeondraft_map,c9fbec41bed416cb180fdcca297108d057aa4c67,168814454ab8bc4c86e085934dd284951d21ad086c5b9969a2976d32faf9f661
AnotherRol\mapas.map\mina.dungeondraft_map,61faa4eb20aab75a1816dcb77ed026fda5fc7188,c53b9c7c3ddc00e309038974671c5103fd2464e22011312b4ef62cfb2b19bddc
AnotherRol\token\Ameli.png,4e774a8e74ae77c16a9b563c9d8ad031d74b3281,2048b6a129f457f1cd26df9ffc18837fb96c26172bbb6753c2909d9e41410859
AnotherRol\token\Gloro.png,17b021e3f0e0e398493bbe090d7a95c79f0d8872,0650c0938ee8afc2ee0b2afce3b1ffc2664bc7e7027978c0e4e11b7272db0a0d
AnotherRol\token\Gordon.png,0197f879ada0e23c8ffd31bc292e4c55e3c7701b,f872649d2339ff3a37117d4fbb67fcc6b69bdb2f445593ba23560aae76c867ae
AnotherRol\token\Herrero.png,ccab78730170c71cd3b3010fec401a9d72ce26cb,1fdd32e1eca892caae328a291438cb2b8caefe669de05969e09143ececf4e440
AnotherRol\token\Lilia.png,10ac7fde7f153a123d3c91e513e5a37f9b79c927,574b7b138c72cd1fb6e72f0ff7cdda807b119b647a5ca2c29ad193467f2a9a8e
AnotherRol\token\limbok.png,ff6ce78890abd3cceb6c54d53aed6b42ee95ac61,9c6e2bb41f8f42ea2037290fa951bce6a28b4308b876b6ecbe0f16d1165d18d2
AnotherRol\token\lirio.png,376bfb64625c14e79b3ff72f92a87afa614c867a,128495d40e86d7b41598b1ac90c07c6b481b1f70ba867be459b7c73c1b8b8097
AnotherRol\token\Loc.png,6e8830de9534f08ea6d29960b07f23a500475046,fd3431344339e4356664ee886e53065a8d2162257a16c710477e8df33783cabd
AnotherRol\token\Luctor.png,bf4047a7966f55a20a52dbe874de7d1a2964a60f,2b21955befbe5869eb17406c392a36c2709e759651dabe88c4f611e46ebb3dc8
AnotherRol\token\Miguel.png,803eb07725219311afa483302de31569cd7a9b1f,2a5c1a0aeda980519719937f4271994f8ffe4ddcb92bb914d8ec0a24be66e7de
AnotherRol\token\Sargento.png,93ac6f3e2e3a73f4a56c4eebd9a8ca3ca0591def,a24afddbcffdcf13be0117958fcc0c9e43afe9150d06fcd6d534ad207e5d2088
AnotherRol\token\token_7 (1).png,0797a42f83391cf4cf7f3bed4bc367180a4d0c58,1d1d9cd1194dedc9d947fb1257eda7928d64d183aecbcc41791f973e9171563d
AnotherRol\token\wilbur.png,4987cf6224fe3cf9a73519aa2fe11ba9c66ee8b8,c4b3f6cae150f670b29f0b4ddffb7c4322fde109f480ab6ea34a75f2f61ff3c7
AnotherRol\token\Wilderheim.png,bf7f38d89fdbdd0cad42b1c48b165687b5c81ad8,6994ec01d3cdfe15b942ffb395eb20a79177a1929756451e825ba08188740f24
AnotherRol\token\Wileo IV.png,c81fe6f58d64db7edfe35cf3780c2385742dde73,4925670b7409e82dbd0990a556e669e4fcd1fb732e0ccaa4d58906fd3ea164a2
AnotherRol\token\principales\token_1 (1).png,c88fb756f62e5b3b69d32789e63804644af63f37,d4ac2316d236a69fab6c9a24c846d77d4f8df92edfea958f0359a97fbfb1a90b
AnotherRol\token\principales\token_2.png,918e6b3bf938113042d507294d92a8e831f33550,398f887c7ca3aad97ee64d84e7410e3769f86da4d0f9e06153ba116fafb01a97
AnotherRol\token\principales\token_3.png,5243b436abce9041ec3ff8d72d1b4a919bb7c5b1,33579368c064b86f3a77d30032d7ace6a3127b353cd66959b4f04669db8b46fa
AnotherRol\token\principales\token_4.png,3ff96fed37c4219132f8a1f367341c49374d7d8f,e3eced9c7bdba59f3a9ec60e5bec5466c21dd1175ff77f081f14fb539312865c
assets\#Legal Stuff.txt,846fa03f1af62f9ffd376bc967d0c8d3910aac79,042f6d4bea82be369b17392cbd60efa9c6d95bf90f2fa5636331c5a285d0e8b1
assets\2M_Sailing_Ship_Assets.dungeondraft_pack,d86226c79c2a08042d5a26cdad33dc59bc9da3f1,ac886e1aa21f6c61d3c8f14ab98eb2eb646b12265a9536aaccd914b0a664ad1d
assets\AS-Forest-apmh1i.dungeondraft_pack,716cb8cf7c03da708481ae0206645d533ba5ffa6,644877273e4c0b2f64979ecfa04c7d50d60e1e65f22ce4a0e65a82884678c5ad
assets\DQ 2Y Anniversary Pack.png,1f8c1a556931e21c8bd639594608da10cb7f91ff,e9f913a1a9f1d0604f32459a1617e945963478dc7ae10fa0cb86eb1ee4c3d976
assets\Fences-Walls-and-Paths.dungeondraft_pack,d0ae2e5b5239c63013d1952ce64c10797af9e6b9,2f1f52afd557e318ed5e043e7560e43d8bb819d32f9f2f1188f8c111c5e917b4
assets\Jan Thümmler is creating Map Assets and Cartography Patreon.URL,b8e2828ae5cafc80a7604369da8f3c25b404a0ee,477c2ee9e0ef6ebc5031dc0390a898665b4ae470b1c1680236b8dd25492085c0
assets\Maelstrom-Maps-Camp-Assets.dungeondraft_pack,cc1d1dbdcb9c494db7a9d880111bbb0c347729b2,7d3a646e776ac3a5f06431ccd125d98fea1c23cb4ea0c2f5ed99525138f82b43
assets\PiratesPorts.dungeondraft_pack,200ffa6c2fbe6a6b9550a2bfa0bc68358f889727,23a8a03c6ad430415444346b7c3daa05519399717a6f90c2d8b2d67c620648a7
assets\Skronts-Expanded-Terrain-Grass.dungeondraft_pack,f6503c509d80da8ec29374bc978ad97f89ad37e3,2e0ffb9a90f073b9ba067735d572f64cd7583495d55dfef8a05091ced3c2829c
assets\Skronts-Expanded-Terrain-Stone.dungeondraft_pack,307c685d7d99fece60c714340be4276d6296c201,44fbb573af0d24a2a0440a0e7b1e153752ea8cf349965fff200bd168b8b51bdf
assets\Skronts-Farm-and-Field.dungeondraft_pack,28cb2f38033f35c2ed0a89553dedd83c6308429c,bdbbc222ef95ef8e37890a922778168b8e18f65cf3547203f3294db5b30fd1dd
assets\Skronts-Wooden-Stuff.dungeondraft_pack,75b3678cdaec49a5902671d35fe2531d0968f103,f12f3e92f108642888c023c579765836baa80b47ddcd466a0791da9ff53b49f5
assets\Stairs_Path.dungeondraft_pack,da045c3a42b0cbb5adf606705df8e6fa0ee6514c,24f8ae084618faefd625c8dd46336f43a85278310e82a736a409a41f5638b4c4
assets\[DQ] 2Y_Anniversary_Pack.dungeondraft_pack,93c494b52e4bd9b149165cc2c03f1659533163de,a7ea4063777afdb6aa04b8ae337277e867e4c26fb0326dfcc5363eba3716e2a2
Campaña anima\exp huise.txt,d58e3e7aec70f3f88ed55db9bd4e2d3f3680bd41,e235fc704eaa19b5c12a93f1a04f1468dcc88fee7e89300c6933e4c176e7d6e4
Campaña anima\huise jr.xlsx,6a85b85257d68b8e393cb58782349f23295a44d8,ec52d49fe4038cdcf5a04466129b6051dee8abb250e240bb7a30286b897648fb
Campaña con cris etc\1644233342_DnD-5e-Owlin-Race-habilidades-y-nombres-explicados.jpg,dcfa04e975b86c47e2881c095784d661941eb686,47d4c06c85c941d62a92b24254f0297703fa10f1f265ca597381ceee0b921b53
Campaña con cris etc\Current Standard v1.4 - Printer Friendly - copia (2).pdf,70f2ecdf5af6c37036c1c9940e921f25586653e5,67913d92f3fe3e41f3543c0bede0de8a305046773f2351c68f848003ccadaedf
Campaña con cris etc\Current Standard v1.4 - Printer Friendly - copia (3).pdf,70f2ecdf5af6c37036c1c9940e921f25586653e5,67913d92f3fe3e41f3543c0bede0de8a305046773f2351c68f848003ccadaedf
Campaña con cris etc\Current Standard v1.4 - Printer Friendly - copia (4) - copia.pdf,70f2ecdf5af6c37036c1c9940e921f25586653e5,67913d92f3fe3e41f3543c0bede0de8a305046773f2351c68f848003ccadaedf
Campaña con cris etc\Current Standard v1.4 - Printer Friendly - copia (4).pdf,70f2ecdf5af6c37036c1c9940e921f25586653e5,67913d92f3fe3e41f3543c0bede0de8a305046773f2351c68f848003ccadaedf
Campaña con cris etc\descarga (1).jpg,28cb69d6022ac495e9d0a0093cc64e7e5135d581,95f2e93ca0f555c73f33c6acaa44e16d2b4c0a0d722ea20466a3c683a86dc28c
Campaña con cris etc\descarga.jpg,be672bd49b7a8ae38423cc3f962a383710c82adb,8ed199fd461ea2039c9b8ada19b5222da9300e52958bc8cc18cb8cabda9796da
Campaña con cris etc\Owler.pdf,ffea0f8e7ed22b19d490f91ee09aab399b59bd56,6a729afc01e756571d706ae814aac2f8fd2884cef16ee08189486466d7150d58
Campaña con cris etc\paronamix.pdf,c33b403f1a10b861c6b69065c9f85d8c6d437917,e5163fbcfd43223b703c3dcb826bc47c16dd1f6bf38c1bcf3fd25754101cba9f
Campaña con cris etc\Ramiris.pdf,607ab2bc916ccc1aba4bea40301b7b93110ad719,1703c8714b4d3226aa7abc1347ce0a178bfb769c213d2823caf0ceff4c86d0c2
Campaña con cris etc\Ramiris_Anime.jpg,0988c157b08a0b73a41f947d5ce69e3dfbee6549,0aa6c6dd4251356f84250fd0d61719d94b1845134a2f1558bc7b04e76bcd828c
Campaña con cris etc\semi fenix.pdf,7bd7b48b4572c61dadfbfeefc5ddf21ce8a7272d,275d9b605f546ce273e3496839d13582c2ab196005a5680d8394737d762c37f5
Campaña con cris etc\Sir Cumsalot.pdf,a0e3324a5beb84e2d333c5d74495b63b2de9c88b,1fa5d6f3c1b3a8de3424503a1bc53f265343f3860128819dbb3eb8987551ee61
Campaña con cris etc\Sir Cumsalot.png,e888573a13246de4856afd6b5336fd26b069cffe,e5009b950a4873c85f98eaf44784d8c4b0b0083ae803fb165e70121eda174131
Campaña con cris etc\spy-x-family-spy-family.gif,8a36d46a453780a44d77d2b0805baba91f5196b6,0db7dddd94326cdf4f24c0bd89d3f40617798d2306d50c3c2c9661ae4c46373f
Campaña con cris etc\tensei-shitara-slime-datta-ken-ramiris-1080x609.webp,4956c00c5686ac3c1d3206fb0898195d5f05e184,17b55838982db58f713092f41d96fa325588af22d2c7d4e5caf2303f10d352eb
Campaña con cris etc\the rock.jpg,0eb41c9b4b882c42ee46d6c2ace19ac1c6c1455d,820d845a95580c25b4d3fdb448bab1011538c64b7a508d3c2ad70fd3e240d672
Campaña con cris etc\ZOHAN-2.jpg,3975b284fb643f184c947db5c61a765d50a78438,31d8e8e65eeb364a0c5d221f9b0864967a46a431626d0a07e10e56d10e7977d4
Campaña con cris etc\Zohan.pdf,1c7948c6858beab99fc602aabdce3db61a693539,d3e30d8c54c62f48f28366a99aac9a636be86abdf83262f42deb98263d32e83a
Campaña Dani\Ab'Dasahalalsal.pdf,d9de46627132f20784adb46a538313f30c08951c,d90f3ed930c404b2b1780a2e4f823b36f499642b3daf2011c855f4ad9066b757
Campaña donatello\aguijón de esencia.docx,03b2bdb9a1bd48afb2153001e923018c63376198,2bd2eecd9c638b2023480c3475c288b56fdf8f4d5275fa4e49500db195addfc5
Campaña donatello\Cara de gabardino.jpg,b6c7d1adb6a608b32ecf931eb840163b9f47bc13,2f3592368f263ee387de09757ac37b0519a7f94d0fa0baad80080a48bf3113a5
Campaña donatello\City and Wild v3.2 pero mejor.pdf,1cefeb219f1330556e5d8e272f97b8142e32b2e0,8998b114a326471a2347566ca3153175ae228bc42f814aa41838cca95b87df97
Campaña donatello\Daga aguamarina.docx,10e3caf0314353d874259e9a23504d6f7e705908,0708d9f694cc2f53f08ad939cc00d5758d5fe2be48a1f6031261abf0858859fc
Campaña donatello\DONATELLO.pdf,3ffa75d501247df46563cc1804855c25284324c5,b5a19250465392efc87b21473c4d8fd87ca074c43eaa606ea9631b722246bb0e
Campaña donatello\Plantas.txt,e93981449648886d40140148f915c74ebe023d64,79ef2d4780ca03099c458e1feaa49bba534c9b2d409a920130042cd7285319b4
Campaña donatello\Imagenes\aguantando lagrimas.jpg,109e6181c75adfc4f14a10f00876cc4d7b8c364d,3cf0e3959194633ddbbf9d4baebbdb897e43d17c7516fc6e90d9bf47a4125179
Campaña donatello\Imagenes\barco.png,fb64716786665489125a6ee0725e6cc4ab8fe5ce,da7e91768f45d5abb33d787f9adcdcdd9bf8285a5f67941aed15e42e86183a28
Campaña donatello\Imagenes\big brain con gafas.jpg,290259cd1b0efee19744bc61c0ec44eca1a3158a,0a27ff2d80503d509d2787605952337a143fc19668762a0d18ac73959a41e989
Campaña donatello\Imagenes\cara sexi.jpg,d6c8c4a27f6d8b6a1c707725532f6aabfdabca4d,6ed0d2b76cdf9c3fda72e4eaa62f14bb49e47cf2246ab2fdcb46d9c499a7d813
Campaña donatello\Imagenes\drogado.png,8ed3bb7657aad7a95dbf88995b3607341cf72ae9,d4fe6626c6f6eedca774df03829087e3f308a6ce45d34ab6cbede82bff26c6a9
Campaña donatello\Imagenes\enfadado.png,30a80008e078438d9c263389009f07eceddd3ad7,80289609197410802b45fed28e79d308b477ec51fbf51d202c42128ee89d1129
Campaña donatello\Imagenes\fumando puros mirando al fuego.jpg,b975ae5636e465856224254d25c4ecfc550a9c73,1754b051542c9b352af371fa27b1e6861e4bbb44a8743226272947cf6f78ca17
Campaña donatello\Imagenes\jeje pillin.png,f6e95dae2627c6d4ab2b41c49e3fc73a76919a70,2c89c5390e77debd58ef424b92894c851dabcf5660f638e34fe55904d5e625ca
Campaña donatello\Imagenes\leyendo notas.jpg,5a79957f6a6aacfb7c383f2cf2f21725b502231e,f1e888cfbaecdd4f5d40114012f83b01fa14d4e61d6e69b2832217a37ce3e02a
Campaña donatello\Imagenes\me voy a suicidar con escopeta.jpg,7ff755c1f2dcf7bf34abca273e230d2d812ca50e,200210259c20760c6ae2619492469ed0514a1b285ae89a0302b0d8a8ce10aa80
Campaña donatello\Imagenes\modo dios rezando.jpg,8ae26c70f836f652d5158ab0e91650948a67c4ed,57ef5e396fead6458d943b2b10861d05d27277ca3f7e64dcddf68dab56527451
Campaña donatello\Imagenes\muyyyy enfadado.png,47d570384911e03954607dfb56c62e8d5f852890,288f56cac6294795fca02cb6a7cff5a47a65e5915368c965ffc3d4d21dc439de
Campaña donatello\Imagenes\nervioso.png,5e7c4246923533a6e72cdf3ef8c3a1528e637f05,aa267bd6836c95166fd23dd56cac8b3b1481d46268ef3288996b53152f716310
Campaña donatello\Imagenes\ok.jpg,8e2e76cca5eb89356ef59fb8b8eabbe25753c642,51002d5a2eabde7878b7cd318ecf1727b68205d7f33d083a8bfc56c0637981c2
Campaña donatello\Imagenes\pensando en las nubes.jpg,03847f2ab2bb57c401e039d637a9448ddb6f6410,c9144ffa01b0c968da19dd110eab6cbc535909eeb24663df03462f57a6d40bf4
Campaña donatello\Imagenes\pepe triste.jpg,0a14ff8262ba4230a98d33f3a2f9df07fb6fcc49,6108252038a06d2599fd81182a4efe5ebda9e913035564269416d404dfadd1c7
Campaña donatello\Imagenes\pepe-rana me esquivan y madrazo.gif,76fb6c2be076334292c0cba5442b571ee07efd6c,018ca6c80493f8c5efba6cdbb582ce3d3049b7c23acfa6dc46980e3f8999bfa8
Campaña donatello\Imagenes\rana triste marron.jpg,2fa5185da8d886e3b5b9d734e6736099382f0a28,221d61ff7da5cbd71078bdcd95bb59dc631b05bc76787e453d77a64225dfcef9
Campaña donatello\Imagenes\retroll.png,7993bc4b0269e8f7cdd02159ef1e8b793c8ebb51,58c9000d3245b04f4c6cfcaf99cf2d9b5fec98d64342952cce76a9234c1eb7b2
Campaña donatello\Imagenes\SE4KM7JW44COO72O5HAXUIG3CQ.png,e902ee0ec2164912b9b87c2ab5576fc2cdb0829e,92861e7349e2481a185a644b0e96ba3a0d98cee7737d9cb45228d3eb33827d50
Campaña donatello\Imagenes\te meto un puñetazo buenas noches.png,e6bc4e0620ef53f3abc3f5df918676b93867fc33,8c9f7a4c7fa4f0f8c2ae636412edb84442c80f77039a8dc34ab27e2dc2c184d5
Campaña donatello\Imagenes\v96JVo.gif,9d263b4b5af15cebca0b9da3780cc580c7d60554,78bb521903781c12f3d1c743a47de68424c5ee47b5115826cd7805a17c6e542c
Campaña donatello\Imagenes\xq dios mio.jpg,1b92e0442d1a1b5bd11ac024d9add71187a38030,65fcb6e0ad1445a800467125a32adc4ac654f7974d2a88129037df19cfffbdfa
Campaña donatello\Imagenes\xqeeeeee.jpg,2868948f06cad41806585ce9f2587f5d246dd122,d815090d8afff1ec5dc0e91d8fc6f7b1a3a4faf2fff220dc6959c28951e75bdc
Campaña donatello\mi parte campaña\bichos.docx,da39a3ee5e6b4b0d3255bfef95601890afd80709,e3b0c44298fc1c149afbf4c8996fb92427ae41e4649b934ca495991b7852b855
Campaña donatello\mi parte campaña\cosas.txt,e0688dac6e40b7fe379d49c485209f439b7a9f16,3991328462ca73e7f40e40120fbb351c01bce5b6811b6ffc3ac069b5739abe7e
Campaña donatello\mi parte campaña\Lore.docx,a76104ada59eaa60d332b14f1ce449e931fb78b8,02dae8bb23714dae981401e1f83bfbbae0a6079741e5b1b5c0cd7be03d71f43d
Campaña donatello\mi parte campaña\Nuevo Documento de texto.txt,f52df6f1e927e207a63eda8121229775df2cf0b5,b0e4e394ad292143fa02ca51dc15fe61578e63065bcd610b0f9145cd70e29042
Campaña donatello\mi parte campaña\personajes.docx,f5342d3c1a1fb58187727e81fbc0496588ad05c8,d8fa0090a1029c3a8ce129835740f74e7add18c757ef8f4ac5f046a26fd1ae72
Campaña donatello\mi parte campaña\Imagenes personajes\Alquimista Kem.png,fdb2172118668c7ed5130d986138e096234b2a9e,badfbb0cde5924af410ea8940450eda28042d885eeb169186443f0420f6462d6
Campaña donatello\mi parte campaña\Imagenes personajes\Bardo degreng.png,3120df1b1615d0e53f507dad3e1685c90c7bac24,548360edc56472fc6f3591c6fac46457fe07555c098415d4586a9e19b5f0b107
Campaña donatello\mi parte campaña\Imagenes personajes\buey raro.png,8fdb4825ba43e4808fe4c1b3723bfbc5d8b3ce88,09a7cab5ac537688a8d2947bcdca788d1cb99c8c5fc34cc477646ae9eaaab822
Campaña donatello\mi parte campaña\Imagenes personajes\Cura grungedicto.png,1202edba19f7dae58f4c81a67f9e8d550ab7684b,217c905bb4f0376618c658ec7c811f8f6fd04778c92d9646fe84dcacd81e8957
Campaña donatello\mi parte campaña\Imagenes personajes\Dios buey.png,7d1506ebd9d5c51248f4a96e767908d28673b04d,e1bbc7cef62adebc74e0be29d40fa1997a7f8941a3c84ce69031d76d563ba3d0
Campaña donatello\mi parte campaña\Imagenes personajes\Farero zephry el saltarin.png,4438056e6be3b8ad56492219ed12b18f0e5f3d04,37016d6603cbd6e9f7d4bc9a9d1c4a2699537d2378030f675bd4364b783a2b2a
"Campaña donatello\mi parte campaña\Imagenes personajes\Gring, grang, grong los locos del camino.png",df3055482ad136f94a4a1d152ba5d6a6cde09142,4f27d9b0b50bfd4698968196a4b9cba4e09b72812a91467b0ad980dc32824116
Campaña donatello\mi parte campaña\Imagenes personajes\Grung con shocks.png,8814376a4423e88142e93acf743a65d1ba7711ac,5307a6b21c621d3ac57d32b4bdb8deef3e590b33167dc2ec2f79324564c8b092
Campaña donatello\mi parte campaña\Imagenes personajes\Grungilda.png,85036a518b849ef7ce0b1f57c214189665a49068,6e7fe04bd6c172f1825b40dc940a521b355c1e39737c81c4bbdd7aecc2b111e3
Campaña donatello\mi parte campaña\Imagenes personajes\Medico grungmipril.png,a3e063b3b223a3d5b50a4eb6c72b88d4e8c5c147,841afe76b795d40da981abeb1e8c228a8c22dda928f614a3116fc0f90fc17044
Campaña donatello\mi parte campaña\Imagenes personajes\Sectario.png,af6c116a69bcf1f992d4a265be7bfa76820a796b,af99c051cecbb2c82352bdbb34d480d87c4353dcc6f8e8f6cd3db0a55373c7dc
Campaña donatello\mi parte campaña\Imagenes personajes\Tabernero grungusto.png,7d459003b0ebe2f9cb7164f4a15ae1d97d3b9916,377893d27636d1783da25cc40f9b7530aa150d92d6905fde56cb7290aa7e5953
Campaña donatello\mi parte campaña\mapas\para modificar\bodega.dungeondraft_map,09ca93325c2f36b909c57ca5797955b30c08730e,1a0147a9424b8062e120452df49f3e0679202f6f5220073560e0548964fbe682
Campaña donatello\mi parte campaña\mapas\para modificar\camarote del capi.dungeondraft_map,50cb024814722f04151bf97520bdd9a42844cb3d,a6e38fcdcf36031b698367ed510ad71d0a38e89072292888d413aa1c891b795c
Campaña donatello\mi parte campaña\mapas\para modificar\Narval wip.dungeondraft_map,079df1a3bf21bbdee3162398428056085c727a9e,7418789765a1e704b393e53e0e990b90e037aafd2432978d32c51c3c21ceccd2
Campaña donatello\mi parte campaña\mapas\para modificar\planta cañones.dungeondraft_map,eeb25600b623d7ae6b0b8cd90050aa90bfcd10be,be60bc6d0b1dbc3604089890a0116d0d2d08e39423337bb83ecf5238499e46cf
Campaña donatello\mi parte campaña\mapas\para modificar\taberna del pueblo.dungeondraft_map,aa3361c28c2ef1937580b3eafd0f608017372b25,9dd8e43c2ba836e982ea0fc34f8336f685e56b2957f2d118742d0ac1cf3f70e3
Campaña donatello\mi parte campaña\mapas\terminar\bodega.png,bbb74bcb9a9479374a0aa436a459cf320233028e,ee23463f64d21840aaca9c5332e4fca5018fec88ae96b9183410bb0b9d29471d
Campaña donatello\mi parte campaña\mapas\terminar\camarote capi.png,bca614696d37c5f5041c2d2d5ccd853045b62b57,b79e58af00366f2108a7d6a83552ffb6a6808f3723ea0a37d8f51629f8d52ecb
Campaña donatello\mi parte campaña\mapas\terminar\Isla faro de la grung.png,caff69dc018b42b497d365d7bab0cd32c8ec8d1e,5c51fd56f6c609de1b729b72de5205356b3ea14ca1245e0db7d8f7142d25781f
Campaña donatello\mi parte campaña\mapas\terminar\Isla grung con marcaadores.jpg,f8f63ae4795bcdd5ed75e502456dae7b10687ac1,15b551ab584b5741883b48e7775fc5795d9f4c33aa35dbc6ed7039da63f9692a
Campaña donatello\mi parte campaña\mapas\terminar\Isla grung.jpg,83ba25505bf09a98d34adc64a213a86ca8eccaa8,73b57dd483e2505fea10965eeb77b8fda35cfa9b7a79f4dc04d8453a4e071a38
Campaña donatello\mi parte campaña\mapas\terminar\mapa del oceano.jpg,14e8e63f153f25e820370730dbf52e76991fe763,83f6f52c3c7013779ebed441a1dcd4cdd2a7bda9225a1c6861fda3406373739b
Campaña donatello\mi parte campaña\mapas\terminar\Narval wip.png,ad337b3edc22f82d6d0e70bea0c93c6d1e904d17,2fff82c658d745cbc401a5494e534b71488df42c4c126aea0dacedd37cc3d67c
Campaña donatello\mi parte campaña\mapas\terminar\sala sin cañones.png,d025cad8da181a156a7dae9b7f5f40eb20fbf691,ea4973506a23d2c483a445a36df7a2a560b6b44f7c2819edff1ce43b95b7870a
Capital Marina\Camino del bosque.jpg,445a62a38e26786c943309e8981461889cf3a3d2,42c65d8f64bffde367a603b42ab524baa46d9fd579c666ab6872a6abdbeef0da
Capital Marina\Distrito sur.jpg,abaa4d4b5b15060234f9788750fcd4673179b864,d51de130a3b179e814ca62f8f2b3b4c79b390b3a9e71a4b6fa9c51dc150eda4f
Capital Marina\juzgado.png,8b91963682add5b3bc2209a0013f7a0bfb1ee2a1,0a375de8f5a6186004072403c98dec7961351c1b98817af5e77cf985a5399533
Capital Marina\La dungeon de El Mamón.jpg,af9f6e7431f044e323a5f63925529101f3347d82,987de6f30efaa9f21f632ecda7b204c8f6a6d7cf82c81d85ebd9c954c4928615
Capital Marina\Mapa de la ciudad.jpg,539e11fd87d18a489ddec7e35e22150813ac2e75,c53f6b18a40add7d58037ff8b23d9f2f654c19fc6bb1145cb30940e34641ec46
Capital Marina\Plaza de los bardos30x40.jpg,a609a29b7f4fb41456303877a4a0909cbd9b5f94,70cebe4d00515fa0fad812056b491c37d4ef28b593be01b76edae3cf66b0acc0
Capital Marina\windian.jpg,f068493b2a555a09e142131e05d2ad7bdc8eba47,52fee3475e90f01c9200c43bf4c0d124b722357f3605f4ad5964668fe6dbc6d9
Capital Marina\Zach Dullsand (El Mamón) (este statblock es un desastre).png,83043cd7cc83b3cc45967b2ecf7b9ee97b395674,43fd252ac320ce613cfabefc5bd21cde59f6ce4f417b639ea74b6ede30ba5dc3
goblin quest\Goblin Quest-1-60traducido.pdf,cff8f923c5e5e876f6201d5c6632d4f2bea92e1f,5c9d206921f46d059b9901a5ca954e3710b46a8ee8755cd248c1433902249dbe
goblin quest\Goblin Quest-61-132traducido.pdf,62bd8dba448bf8b0ed1e6918d1cfd9da9d788338,6adea7a5be1762a6a7b55da98fa641a3e7c64c3f4036b15eba5a4f702f8e84ec
goblin quest\Goblin Quest.pdf,b5055d0b575f3e9287d22bfbbfc9a26b0741e188,d2d14ac20272e485735626a77530277f0a67fbe8b04f2b8e44a17ba435edd4da
goblin quest\mapa.png,8f7b8a6e7e04ce1f70f0503040fe275637cf75fa,70c7f72b7958be69a601f5499bd755229066fbb79fa87a76910e48dd10bcb2f8
goblin quest\mapaCI.png,9a937ca5bcd48c409f98d7470c94b6d614ff0f3e,0a39d23c7352cc6824007de20d7682e45968980579096262c1857ee99d32abe3
goblin quest\mapaLeyendiozo.png,fa9248a981bf6b35f678c9f3e6df36a2ad13221e,c6eb14fe33ecef77be8d7d4278b730bc22fcc432b9b6282ce08afabedc7f731d
Mi campaña\Bestiario.txt,848eb4b362343d0c356a102ff6f17627588b5438,791da0d0957c124752253230cc907547fd77ff1802350878310c8c8c17958021
Mi campaña\dp.txt,d6ce70d5738cb6af32583a60fc063c098a2ef8f9,5c14786c3aa2acd3eef9d637a40a0b84de0e6568f5780c450fa99df20bc46d61
Mi campaña\historia.txt,166a5ab354bf970d761c312fb55553273d5a34f2,235306bca874890db69237fa2e4f73efb15dd1b5c5ca964ea0736e9d4935c268
PrisionBreak\Ficha Spoler prision.docx,8742c9169eb4522b374fec4b09f8facf7ab402b5,61a5c33b443b178a5bae02a516fc098fc35586a9b41418f544bcec9ad7ec2ec7
PrisionBreak\pruebas de la sesion 1.txt,ac1c6625cfbc5d84fc97412627474872955c155c,06670d4eae8715c49ee70de4c172ba689520bc7d2b2c61b80480035f60834f7f
PrisionBreak\traduccion pa xsi peroo.....txt,7ed368b2fce495c254fad9ad729d5f96aa0ced0e,6dd7f9f7ea285dcb24bef368727fca169f0999bf4bfd60f0d3998afba3951a74
PrisionBreak\fichas\Cecil.pdf,42a8c3e26a1eae53ca1c099bfaf79887c8e0e5ee,da9cbc3b9aa5b637e65c10f9c11985b96d86c328925571ae74f1d3a8cdb60401
PrisionBreak\fichas\Ficha Spoler prision.docx,8742c9169eb4522b374fec4b09f8facf7ab402b5,61a5c33b443b178a5bae02a516fc098fc35586a9b41418f544bcec9ad7ec2ec7
PrisionBreak\fichas\Heilig Mörderin.docx,0b404a8b8344d207a2e56c69813d203b4ae74ff1,e1d1ede34e497c8a8bbac33d3c8bdb4b8c35efbddc97947c682b951e1839f81f
PrisionBreak\fichas\Heilig Mörderin.pdf,2a3bd4a2b2b200558c0357dc211fd2d7df808805,e46ba64c5f6d7dcfb2f9fd2305e18c5c299e9240a5ba9178e2671d54d4b95043
PrisionBreak\fichas\Spoler.pdf,bdb56f5cbe2816c9210daf23eb75c6eb57c4ccf0,62b7b009c4dd87d8a84e576dc486af71f812e8c70ac3b6830262e05f65995a18
PrisionBreak\imagenes token\bestias\gato.png,eefec588436e5af928b9ea06e66b35fd08fd8006,1b59a2a63c7bc64f9246dbe587e7ee45fd5619c578347d2b4ecb21ac6eb3467c
PrisionBreak\imagenes token\bestias\perro.png,3d458aa8cf453b6db7940b3be8975df1bc7fbfe1,cc44ec67f48b3fbd2965eae6e45b40c8fdde1e86843868fefe83ab7df7b77e81
PrisionBreak\imagenes token\bestias\tiburon.png,0d50e39c147917e537f6f8b7c67bbd5c322f2bd0,72e05f88c9995c19042a7a1b92bb814a3fef40446799f1926e2515d82a278ed7
PrisionBreak\imagenes token\bestias\token_1.png,d0035c801bd4e2b342c95a2b348efd3d54817b41,78bae039a08f091008ea1f764b54e7b36f0d2ece9966d7e2e6819dd490164229
PrisionBreak\imagenes token\bestias\token_13.png,ea295ba06f652fb2c8a8693eaeef6d457a7966aa,911909b682902a08540d13255f6f11f261ad40e8e13f041ba33ec46e5c70023e
PrisionBreak\imagenes token\personajes\Cecil.png,c0f20ca6af40ae6ea032dca5d329621c9c5ec987,86660bd0bde19aa28c7eb94026934181d60cecd39248dc39424afac5932aa0d1
PrisionBreak\imagenes token\personajes\Dahlia.png,7afd30ebd0d7a44d86552b3ac5caf99eeeba82b7,5dee127191f4d2163ca8e2adec6fc0ecd15a4c13d7e74b25d09bbfcabd5bddc5
PrisionBreak\imagenes token\personajes\Heilig.png,e018cbc4dc9e5b56cd5533538dc44e2346128900,4d16b8d208d789a4620d6b10efb3d443973ff11576a371146b004a25fb88c796
PrisionBreak\imagenes token\personajes\Rafael.png,707a233ac5deaab22da922987e72e34922f5b558,1e2f1632146981923bfbdf0beaf6de2b8d4099e1203ee6ffb422651d1ee8db99
PrisionBreak\imagenes token\personajes\Spoler.png,117059cdff5de57a3aca0d0af236f25460565163,de22c822e5bded97c249491f227101850da2ecb5ed54c874c569d66d3b3b30aa
PrisionBreak\imagenes token\personajes\Zefinn.png,e78ba8613c0df19c035d43be0532a1313ce08ac0,2f1cf3bd92d8c5af2fcb5192c85e5059f1e5817de4986ded873b98da42205e0c
PrisionBreak\Lore\codigo de la libreria.xlsx,7496ee56cebd6547ff87e1b705395ddbb3730002,e5c806809c6c4992288fe8f7c682c0b899317922ff5987c2dbedce8714117a16
PrisionBreak\mapas\Imagenes\DALL·E 2023-02-22 12.20.06 - A minimalist design of the iris flower with thorns.png,609caec34caf8b6215973de315eb7a847a890ad1,e43a808b083019809486aa0d85e1f3f7df395b94cf4c06bbb1c370f6d1224822
PrisionBreak\mapas\Imagenes\DALL·E 2023-02-22 12.20.20 - A minimalist design of the iris flower with thorns.png,7e54e5bccf87aad94d92de1fa001b8594af87fcd,71e24af7a1b0f11a8eff869f73771263d63ff47e8a27e98f77fb212f09b55e2b
PrisionBreak\mapas\Imagenes\DALL·E 2023-02-22 12.20.52 - A minimalist design of the iris flower with thorns.png,964b75275c71205c13b4395367c11c27ab51d874,afdfcfe2b33599237e695dc7867d306424c0459e706d30b6eb490f01465d31bf
PrisionBreak\mapas\Imagenes\DALL·E 2023-02-22 12.21.25 - A minimalist design of the iris flower with black and white thorns.png,a6f6310919aeccd26f6a00ca3d21012671e85bbc,26f1f7c3df35ad92915563f057c6802e82b948be43ee81b9dea00f6cf7c7ced0
PrisionBreak\mapas\Imagenes\DALL·E 2023-02-22 12.21.50 - A minimalist design of the iris flower with black and white thorns.png,e0161562613ca970ef8e7e6e475257cb7ad85232,13022fdfb63dbc583d756635bd2ec9bd672d7704f334781c270baadd9601b28d
PrisionBreak\mapas\Imagenes\DALL·E 2023-02-22 12.21.53 - A minimalist design of the iris flower with black and white thorns.png,b335ca567e7bc4287043fea95bd8313a4d4bf74d,3d65f03219fecab1463332945b053a30c6360def3ab468509531275fdca6084a
PrisionBreak\mapas\Imagenes\DALL·E 2023-02-22 12.21.56 - A minimalist design of the iris flower with black and white thorns.png,12d32cba9798b17c1ebd19192def62fdfc057a73,dad9d35f4d413ac54868fc15daffc238584be7ba9598054d9416020b22dc8e7c
PrisionBreak\mapas\Imagenes\iris.png,c6abac380615190d1427cd428c9f9eae7c1c50bd,5d4c45cf851b8d756409a312a7c1121c4ec0e0faaa246af449b090d6768f310b
PrisionBreak\mapas\Imagenes\laberintojfif.jpg,9972ae7f2bdf76767ae4ff4e19744f38613be49e,f595a08fe5ce455b41bb58019452b6e7ad705e033db04e321108373ff00cec60
PrisionBreak\mapas\Para modificar\20X30 el matar juego.dungeondraft_map,6f69321c44c1579dd76b668aece9a3d6995e1d14,16aa961d4307554654d3cf78fd0b666e4aff37451f2c92a918c71f813466a3c7
PrisionBreak\mapas\Para modificar\Check point.dungeondraft_map,fa9099e50538bbe4f110e26c9cb02b319be1d7e9,5dc7aef17850fc3161fd578c88a020973be0638b9930af104881b0ecb0249ee6
PrisionBreak\mapas\Para modificar\Inicio.dungeondraft_map,0b626b0b38886073fdce502dd8f9dea59b4ad721,d42ecf12779ca0035f7d5eaa8cfdec9b05563cff5e4232298553c5dbb501c597
PrisionBreak\mapas\Para modificar\Pasillo 1.dungeondraft_map,3e8d00066af0b9ec95d9bb3cf7c073daddb44594,9410c5ab72d9e67309867b1ce2dfe8caace47115d6a8fddd293edb86cf761fa4
PrisionBreak\mapas\Para modificar\Pasillo 2.dungeondraft_map,737b90c2e95ae8598cb91639363ee2ebf0c56676,047879c5f5752e4722c58ff88e39244270418309ce876387a0de3d533911053b
PrisionBreak\mapas\Para modificar\sala cocodrilo 2.dungeondraft_map,e328c8732dd48c73e4e883f94c38a4f958f7ef79,1b250978ffa5fcfe245ddadd8c575865827ab94ea7f43d0152c28a0f3f86debf
PrisionBreak\mapas\Para modificar\sala gato4.dungeondraft_map,2f166eec7bb86cfdcc310a6a35717623e1c540f6,bc5d233006ce346c6624aa0388deddd923529b2de74445bbc34a0334c30804e9
PrisionBreak\mapas\Para modificar\sala libreria.dungeondraft_map,40d05c99f6aa0a6fd894bf3c43dbe1ff0fefcc5b,657787cd6074c882a084d005fed699f55018351f4fd1c22bb308c99121b88816
PrisionBreak\mapas\Terminados\30x20 el matar.png,7eef26981ec2fb38ec661ea917e0814dfa16d84e,8ccc9d30bb4a35e617a55f92fbf987ff6b29579de1d2ff300bff129f064c0d27
PrisionBreak\mapas\Terminados\CheckPoint_40x40.png,de2e6fd67473d371ac53a020e211b086786a53bb,d86da75d87a3de8cd7a7297f1e3ddc9ea5f5d8ac49ae756b980635f1d717486c
PrisionBreak\mapas\Terminados\cocodrilo_20x20.png,090aaaa54540c76e58e716c87eeb4758fe636779,40d572a0d567a136d908701a83795cb42125ab68b206eaf9f20fae72af793ff8
PrisionBreak\mapas\Terminados\Inicio_30x18.png,afac15f8264911b827b1668ffb44210b7cf36692,c2ead007630b1a7164f63f857064b4d2332ac2eded586cfd8348a0a59565f878
PrisionBreak\mapas\Terminados\libreria_10x10.png,32d9cbcc1fe9d78b4916416676a5251658eedfb5,5a2b53f90a925e6f3d887e0e219787e456b665fdebe9335d7e01312f78d1d066
PrisionBreak\mapas\Terminados\pasillo1_30x25.png,9d491ee389c3b233a41d8946fd08b75c192a94f8,0a1250be248a1b61125532ae0abc058f6b9dac6c41e548dac4b8141d7c289531
PrisionBreak\mapas\Terminados\pasillo2_15x20.png,82c0014c4b8a09d6175db360a830628f0a607590,2b21efdde9c952065730c8f90b9c7bd81fe3494847b8c1681990808a24b4648a
PrisionBreak\mapas\Terminados\salaGato_40x40.png,c8d66de8a2c5a1b1a384946be8a03e2f01209c53,0115a0ef6ba71c4a2a42c6d076a979f75c9a603e73a886f43b78c2606f7bb1c6
